{"cameraMode":{"drawMode":0,"name":"Shaded","section":"Shading Mode"},"sceneLighting":false,"audioPlay":false,"sceneViewState":{"showFog":true,"showMaterialUpdate":false,"showSkybox":false,"showFlares":true,"showImageEffects":true,"showParticleSystems":true},"in2DMode":false,"pivot":{"x":-0.18914467096328736,"y":1.1365691423416138,"z":-0.14795514941215516},"rotation":{"x":-0.005705513525754213,"y":0.9936994910240173,"z":-0.09508730471134186,"w":-0.05971140041947365},"size":1.478417158126831,"orthographic":false}