{"cameraMode":{"drawMode":0,"name":"Shaded","section":"Shading Mode"},"sceneLighting":false,"audioPlay":false,"sceneViewState":{"showFog":true,"showMaterialUpdate":false,"showSkybox":false,"showFlares":true,"showImageEffects":true,"showParticleSystems":true},"in2DMode":false,"pivot":{"x":0.20259541273117066,"y":0.3247149884700775,"z":0.051374249160289767},"rotation":{"x":0.03594992309808731,"y":-0.855333149433136,"z":0.05988295376300812,"w":0.5134211182594299},"size":0.9557439684867859,"orthographic":false}