{"cameraMode":{"drawMode":0,"name":"Shaded","section":"Shading Mode"},"sceneLighting":true,"audioPlay":false,"sceneViewState":{"showFog":true,"showMaterialUpdate":false,"showSkybox":true,"showFlares":true,"showImageEffects":true,"showParticleSystems":true},"in2DMode":false,"pivot":{"x":23.38726043701172,"y":-3.208810806274414,"z":16.694168090820314},"rotation":{"x":0.24952886998653413,"y":0.5513091683387756,"z":-0.1778956800699234,"w":0.7762064337730408},"size":4.243625164031982,"orthographic":false}