{"cameraMode":{"drawMode":0,"name":"Shaded","section":"Shading Mode"},"sceneLighting":false,"audioPlay":false,"sceneViewState":{"showFog":true,"showMaterialUpdate":false,"showSkybox":false,"showFlares":true,"showImageEffects":true,"showParticleSystems":true},"in2DMode":false,"pivot":{"x":0.04726480320096016,"y":0.631426215171814,"z":-0.02919822931289673},"rotation":{"x":0.11847171187400818,"y":-0.3491710126399994,"z":0.04453011602163315,"w":0.9285196661949158},"size":1.4854505062103272,"orthographic":false}