{"cameraMode":{"drawMode":0,"name":"Shaded","section":"Shading Mode"},"sceneLighting":false,"audioPlay":false,"sceneViewState":{"showFog":true,"showMaterialUpdate":false,"showSkybox":false,"showFlares":true,"showImageEffects":true,"showParticleSystems":true},"in2DMode":false,"pivot":{"x":-0.28517967462539675,"y":0.09561226516962052,"z":-0.21928972005844117},"rotation":{"x":-0.008592618629336357,"y":-0.9669151902198792,"z":0.03278695046901703,"w":-0.25296837091445925},"size":0.6557438373565674,"orthographic":false}