{"cameraMode":{"drawMode":0,"name":"Shaded","section":"Shading Mode"},"sceneLighting":false,"audioPlay":false,"sceneViewState":{"showFog":true,"showMaterialUpdate":false,"showSkybox":false,"showFlares":true,"showImageEffects":true,"showParticleSystems":true},"in2DMode":false,"pivot":{"x":-0.010068178176879883,"y":0.2820623517036438,"z":-0.0011876821517944337},"rotation":{"x":0.23691976070404054,"y":-0.3539397418498993,"z":0.09315311163663864,"w":0.8999903798103333},"size":1.2201188802719117,"orthographic":false}