{"cameraMode":{"drawMode":0,"name":"Shaded","section":"Shading Mode"},"sceneLighting":true,"audioPlay":false,"sceneViewState":{"showFog":true,"showMaterialUpdate":false,"showSkybox":true,"showFlares":true,"showImageEffects":true,"showParticleSystems":true},"in2DMode":false,"pivot":{"x":0.024259792640805246,"y":0.01100703701376915,"z":-0.10136224329471588},"rotation":{"x":0.0360604003071785,"y":-0.36125990748405459,"z":-0.013994956389069558,"w":-0.9316776394844055},"size":6.560823917388916,"orthographic":false}