{"cameraMode":{"drawMode":0,"name":"Shaded","section":"Shading Mode"},"sceneLighting":false,"audioPlay":false,"sceneViewState":{"showFog":true,"showMaterialUpdate":false,"showSkybox":false,"showFlares":true,"showImageEffects":true,"showParticleSystems":true},"in2DMode":false,"pivot":{"x":0.0,"y":0.05380936712026596,"z":0.0031062066555023195},"rotation":{"x":0.014940887689590454,"y":-0.9818933606147766,"z":0.1674383282661438,"w":0.0877329632639885},"size":0.4544466733932495,"orthographic":false}