{"cameraMode":{"drawMode":0,"name":"Shaded","section":"Shading Mode"},"sceneLighting":true,"audioPlay":false,"sceneViewState":{"showFog":true,"showMaterialUpdate":false,"showSkybox":true,"showFlares":true,"showImageEffects":true,"showParticleSystems":true},"in2DMode":false,"pivot":{"x":39.42356872558594,"y":4.775413513183594,"z":49.82026672363281},"rotation":{"x":0.6875646710395813,"y":0.017422711476683618,"z":-0.01650359109044075,"w":0.7257330417633057},"size":31.701265335083009,"orthographic":false}